id;name;url;file;file_content_type
1;calculate hacking Toys;https://aniya.biz;../fake-data/blob/hipster.png;image/png
2;port calculate Licensed;https://lorena.info;../fake-data/blob/hipster.png;image/png
3;calculate Synergized transmitter;http://electa.org;../fake-data/blob/hipster.png;image/png
4;connecting;http://jarrell.biz;../fake-data/blob/hipster.png;image/png
5;Licensed PCI;http://mario.info;../fake-data/blob/hipster.png;image/png
6;red Fresh parsing;https://reymundo.biz;../fake-data/blob/hipster.png;image/png
7;functionalities;http://austen.info;../fake-data/blob/hipster.png;image/png
8;web Meadow;https://audreanne.info;../fake-data/blob/hipster.png;image/png
9;granular Berkshire;http://jared.biz;../fake-data/blob/hipster.png;image/png
10;Music Seychelles;https://else.name;../fake-data/blob/hipster.png;image/png
