id;title;description;url;file;file_content_type
1;Investment empower Division;GB primary;http://german.net;../fake-data/blob/hipster.png;image/png
2;Generic indexing;Reduced;http://clarabelle.com;../fake-data/blob/hipster.png;image/png
3;copy;payment synthesize Soft;http://adolfo.com;../fake-data/blob/hipster.png;image/png
4;Peru;port Arizona;http://deanna.biz;../fake-data/blob/hipster.png;image/png
5;invoice;systems Caicos;https://winona.info;../fake-data/blob/hipster.png;image/png
6;UAE;holistic Extensions Cambridgeshire;https://joannie.net;../fake-data/blob/hipster.png;image/png
7;upward-trending optimize Gorgeous;Centers robust;https://trever.info;../fake-data/blob/hipster.png;image/png
8;transmitter Avon connecting;Tunnel JSON;http://karli.com;../fake-data/blob/hipster.png;image/png
9;convergence program;real-time;https://mervin.org;../fake-data/blob/hipster.png;image/png
10;Virgin Account Junction;Lodge up;http://nathanial.biz;../fake-data/blob/hipster.png;image/png
